Park Minyoung,"Park, Minyoung"
Tom Hanks,"Hanks, Tom"
Liu Lei,"Liu, Lei"
Christopher Robert Evans,"Evans, Christopher Robert"
Taylor Alison Swift,"Swift, Taylor Alison"
Steve Jobs,"Jobs, Steve"
Luca Lee Davis,"Davis, Luca Lee"
Emma Charlotte Watson,"Watson, Emma Charlotte"
Kevin Spacey,"Spacey, Kevin"
Kim Taehyung,"Kim, Taehyung"
James Michael Miller,"Miller, James Michael"
Kim Huijeong,"Kim, Huijeong"
Yamamoto Kazuo,"Yamamoto, Kazuo"
Mohammad Amin,"Amin, Mohammad"
Bradly Ernest Pitt,"Pitt, Bradly Ernest"
Ahmad Khalid Ashkan,"Ashkan, Ahmad Khalid"
Bill Gates,"Gates, Bill"
Angelina Jolie,"Jolie, Angelina"
Ha Luong Ngoc,"Ha, Luong Ngoc"
Jennifer Joanna Aniston,"Aniston, Jennifer Joanna"
Matt Damon,"Damon, Matt"
Anna Hagen,"Hagen, Anna"
Beyonce Giselle Knowles,"Knowles, Beyonce Giselle"
Natalie Portman,"Portman, Natalie"
Emi Yamada,"Yamada, Emi"
Miley Ray Cyrus,"Cyrus, Miley Ray"
Tran Thu Ha,"Tran, Thu Ha"
Johnny Depp,"Depp, Johnny"
Lisa Su,"Su, Lisa"
Anne Jacqueline Hathaway,"Hathaway, Anne Jacqueline"
Saburou Nakamura,"Nakamura, Saburou"
Zhou Jielun,"Zhou, Jielun"
Zhou Chuanxiong,"Zhou, Chuanxiong"
Michael Bakari Jordan,"Jordan, Michael Bakari"
Pham Phi,"Pham, Phi"
Tim Cook,"Cook, Tim"
Tim Cook,"Cook, Tim"
Nagasawa Masami,"Nagasawa, Masami"
Kwon Jiyong,"Kwon, Jiyong"
Dakai Men,"Men, Dakai"
Brad Pitt,"Pitt, Brad"
Nguyen Trong Hoa,"Nguyen, Trong Hoa"
Suho Alex Kim,"Kim, Suho Alex"
Samuel Leroy Jackson,"Jackson, Samuel Leroy"
Huang Xiaoyun,"Huang, Xiaoyun"
Tom Cruise,"Cruise, Tom"
Watanabe Naomi,"Watanabe, Naomi"
Zhang Liangying,"Zhang, Liangying"
Leonardo Wilhelm DiCaprio,"DiCaprio, Leonardo Wilhelm"
Justin Randall Timberlake,"Timberlake, Justin Randall"
Thomas Jeffrey Hanks,"Hanks, Thomas Jeffrey"
Leonardo DiCaprio,"DiCaprio, Leonardo"
Zhang Zhishu,"Zhang, Zhishu"
Do My Linh,"Do, My Linh"
Sandra Bullock,"Bullock, Sandra"
Kate Winslet,"Winslet, Kate"
Scarlett Johansson,"Johansson, Scarlett"
Jose Lucia Rodriguez,"Rodriguez, Jose Lucia"
Wang Fei,"Wang, Fei"
Ken Henry Kishida,"Kishida, Ken Henry"
