wss://services.paypal.net/?butz=32,services.paypal.net
https://ask.whatsapp.int,ask.whatsapp.int
websso.acer.cn/kqoodw/xjqjbvp,websso.acer.cn
www.dominos.tv/pwiliju/ccjriyn,www.dominos.tv
finance.tripadvisor.fi/caaqiou/iinv,finance.tripadvisor.fi
smtp://www.mediamarkt.tw/?lcll=bqwaczq,www.mediamarkt.tw
privacy.ubisoft.de/bxgekk/vcydk,privacy.ubisoft.de
ftp://projects.lg.gov/?fazn=sjtnb2v,projects.lg.gov
ftp://dash.msn.gg/dfyha/?tkk=4h7l2cq,dash.msn.gg
smtp://view.rossmann.it/?ovp=x7foxi,view.rossmann.it
ftp://privacy.mediamarkt.gg/xdogvc,privacy.mediamarkt.gg
http://weather.disney.edu/hooxlcn,weather.disney.edu
payment.booking.gg/zbwkcdh/ttlvj,payment.booking.gg
sftp://finance.instagram.cn/tzuyfqot,finance.instagram.cn
ftp://support.hbo.biz,support.hbo.biz
mailto://gallery.cnn.fi/cdtwsip,gallery.cnn.fi
wss://legal.ebay.mil,legal.ebay.mil
ftp://privacy.snapchat.int/uboymtul/?adc=kvf,privacy.snapchat.int
mailto://checkout.lidl.nl/eebxv,checkout.lidl.nl
ftp://signin.lg.cn,signin.lg.cn
help.yahoo.gg/bhcohox/lqauux,help.yahoo.gg
entertainment.kfc.gov/iuimcg/arogxel,entertainment.kfc.gov
cookies.bbcnews.es/kzmyvu/ilmp,cookies.bbcnews.es
https://terms.costco.dk,terms.costco.dk
smtp://privacy.disney.de/qwno/?tmh=vutc,privacy.disney.de
ws://gallery.imdb.it,gallery.imdb.it
sftp://products.dell.hk/hvlcki,products.dell.hk
smtp://gallery.tiktok.gg/?hpu=aqa,gallery.tiktok.gg
wss://privacy.kaufland.hk/zvjqeino,privacy.kaufland.hk
ftps://settings.temu.tv/jonhh/?sfl=87,settings.temu.tv
http://contact.aldi.int/fyzqzu,contact.aldi.int
smtp://about.instagram.info/jdwqcp,about.instagram.info
http://products.sogou.hk,products.sogou.hk
http://security.snapchat.no/iridhua,security.snapchat.no
ftps://faq.penny.dk/?vderj=zx6at,faq.penny.dk
smtp://shipping.hp.org,shipping.hp.org
https://faq.spotify.de/erx,faq.spotify.de
news.amazon.no/yachpjba/ugtbn,news.amazon.no
weather.walmart.hk/rjp/pfqralsi,weather.walmart.hk
smtp://cookies.amazon.com/?ekss=8hl,cookies.amazon.com
about.skype.int/vha/kfvvvnkt,about.skype.int
http://checkout.imdb.org/?erf=zsu4q3,checkout.imdb.org
https://login.aldi.se/awl/?gxyed=ebmfdeia,login.aldi.se
ftp://support.yahoo.fr/spo,support.yahoo.fr
mailto://alert.mediamarkt.gov/cvhq/?dfb=chfu28v,alert.mediamarkt.gov
wss://news.nytimes.gov/?nat=outcmy,news.nytimes.gov
ftp://sales.bestbuy.no,sales.bestbuy.no
security.disney.be/fhb/tgz,security.disney.be
http://products.duckduckgo.tw/xvhlqj,products.duckduckgo.tw
sftp://security.mcdonalds.fr,security.mcdonalds.fr
smtp://store.nytimes.nl/?mifyr=1r0d8l,store.nytimes.nl
ftp://payment.youtube.de/ngdvrjo,payment.youtube.de
http://projects.bbc.edu,projects.bbc.edu
smtp://events.ebay.gg/aunbr,events.ebay.gg
ftps://security.steampowered.net/glzk,security.steampowered.net
wss://support.quora.fr/jlip/?nyw=du6l,support.quora.fr
mailto://info.bbc.it/azeucbjj/?zcph=m0bu6,info.bbc.it
store.discord.gg/uanm/kmrp,store.discord.gg
projects.telegram.se/ayezbuo/kir,projects.telegram.se
ws://portfolio.aldi.com/kuy,portfolio.aldi.com
feedback.microsoft.gg/eiz/eeykyems,feedback.microsoft.gg
logout.adobe.fi/ptfdir/ymzdv,logout.adobe.fi
sales.msn.net/jusuoowt/llpjhhb,sales.msn.net
https://checkout.twitch.no/pnymmz/?xcy=dgdm,checkout.twitch.no
sftp://support.adobe.nl/ahhfvns/?ksjm=6ls,support.adobe.nl
sftp://products.hbo.com/yohsn,products.hbo.com
mailto://register.acer.hk/?uscat=uwa1ihmz,register.acer.hk
https://support.kaufland.dk/?afl=55c3,support.kaufland.dk
shipping.shein.hk/tfqqol/ygstly,shipping.shein.hk
personal.aldi.is/wtm/adufwh,personal.aldi.is
ftp://cookies.netflix.info,cookies.netflix.info
http://logon.skype.biz/iad,logon.skype.biz
smtp://portfolio.aldi.se/ujw,portfolio.aldi.se
wss://gallery.facebook.gg,gallery.facebook.gg
ftp://services.twitter.mil/dfpqpuq/?fkprh=j2j,services.twitter.mil
mailto://support.lidl.tw,support.lidl.tw
mailto://sales.twitch.is/quwurhkz/?kbtg=sbpe,sales.twitch.is
mailto://gallery.stackoverflow.mil/bfs/?yqelv=15e04,gallery.stackoverflow.mil
http://security.netflix.tw/kwttsta/?yqpd=mip,security.netflix.tw
weather.apple.fi/kbsxtyhe/bycw,weather.apple.fi
portfolio.aldi.se/sjbq/txam,portfolio.aldi.se
payment.imdb.net/cafsc/mja,payment.imdb.net
ftps://about.starbucks.int/huxiyogb/?sjozb=nj0,about.starbucks.int
mailto://view.twitch.dk/oelfz/?wlhwn=pc59q9,view.twitch.dk
mailto://terms.facebook.gg/mcesi,terms.facebook.gg
ftps://settings.dominos.com/weind,settings.dominos.com
ftp://info.facebook.hk,info.facebook.hk
http://feedback.nytimes.biz/frfje,feedback.nytimes.biz
ftp://today.msn.tw/pxcycs,today.msn.tw
wss://store.booking.gov/?dtdvw=uy59,store.booking.gov
cart.paypal.gov/voz/vixyuwk,cart.paypal.gov
mailto://contact.amazon.hk/?svz=dn8cedjc,contact.amazon.hk
ws://events.temu.tv,events.temu.tv
privacy.steampowered.fi/ipat/kkzw,privacy.steampowered.fi
login.skype.org/bfbvydsj/kgebt,login.skype.org
dash.starbucks.es/sik/hivdnk,dash.starbucks.es
ws://ask.search.hk/vznlhhcv,ask.search.hk
smtp://personal.quora.hk,personal.quora.hk
ftps://gallery.nordstrom.biz/rndmeh/?xafk=9ecnozr,gallery.nordstrom.biz
checkout.nike.mil/plmh/mjnci,checkout.nike.mil
