Steve Jobs,"Jobs, Steve"
Natalie Portman,"Portman, Natalie"
Zhou Chuanxiong,"Zhou, Chuanxiong"
Justin Randall Timberlake,"Timberlake, Justin Randall"
Tim Cook,"Cook, Tim"
Zhang Liangying,"Zhang, Liangying"
Kim Huijeong,"Kim, Huijeong"
Pham Phi,"Pham, Phi"
Johnny Depp,"Depp, Johnny"
Brad Pitt,"Pitt, Brad"
Tran Thu Ha,"Tran, Thu Ha"
Samuel Leroy Jackson,"Jackson, Samuel Leroy"
Yamamoto Kazuo,"Yamamoto, Kazuo"
Bill Gates,"Gates, Bill"
Saburou Nakamura,"Nakamura, Saburou"
Kim Taehyung,"Kim, Taehyung"
Park Minyoung,"Park, Minyoung"
Leonardo DiCaprio,"DiCaprio, Leonardo"
Beyonce Giselle Knowles,"Knowles, Beyonce Giselle"
Emi Yamada,"Yamada, Emi"
Scarlett Johansson,"Johansson, Scarlett"
Tim Cook,"Cook, Tim"
Do My Linh,"Do, My Linh"
Zhou Jielun,"Zhou, Jielun"
Watanabe Naomi,"Watanabe, Naomi"
Zhang Zhishu,"Zhang, Zhishu"
James Michael Miller,"Miller, James Michael"
Sandra Bullock,"Bullock, Sandra"
Emma Charlotte Watson,"Watson, Emma Charlotte"
Mohammad Amin,"Amin, Mohammad"
Suho Alex Kim,"Kim, Suho Alex"
Miley Ray Cyrus,"Cyrus, Miley Ray"
Taylor Alison Swift,"Swift, Taylor Alison"
Jennifer Joanna Aniston,"Aniston, Jennifer Joanna"
Ahmad Khalid Ashkan,"Ashkan, Ahmad Khalid"
Kevin Spacey,"Spacey, Kevin"
Bradly Ernest Pitt,"Pitt, Bradly Ernest"
Angelina Jolie,"Jolie, Angelina"
Lisa Su,"Su, Lisa"
Kate Winslet,"Winslet, Kate"
Nagasawa Masami,"Nagasawa, Masami"
Liu Lei,"Liu, Lei"
Wang Fei,"Wang, Fei"
Nguyen Trong Hoa,"Nguyen, Trong Hoa"
Anna Hagen,"Hagen, Anna"
Michael Bakari Jordan,"Jordan, Michael Bakari"
Leonardo Wilhelm DiCaprio,"DiCaprio, Leonardo Wilhelm"
Huang Xiaoyun,"Huang, Xiaoyun"
Thomas Jeffrey Hanks,"Hanks, Thomas Jeffrey"
Ken Henry Kishida,"Kishida, Ken Henry"
Anne Jacqueline Hathaway,"Hathaway, Anne Jacqueline"
Luca Lee Davis,"Davis, Luca Lee"
Tom Hanks,"Hanks, Tom"
Ha Luong Ngoc,"Ha, Luong Ngoc"
Kwon Jiyong,"Kwon, Jiyong"
Tom Cruise,"Cruise, Tom"
Christopher Robert Evans,"Evans, Christopher Robert"
Matt Damon,"Damon, Matt"
Jose Lucia Rodriguez,"Rodriguez, Jose Lucia"
Dakai Men,"Men, Dakai"
